"","Plot","Type","Site","Year","Group","Incidence"
"1","E13-R10-35","E13","E13-R10","2014","SHTR",4
"2","E13-R10-35","E13","E13-R10","2014","VI",5
"3","E13-R10-35","E13","E13-R10","2014","PF",20
"4","E13-R10-35","E13","E13-R10","2014","AF",19
"5","E13-R10-35","E13","E13-R10","2014","GR",17
"6","E13-R10-35","E13","E13-R10","2014","LEG",0
"7","E13-R10-36","E13","E13-R10","2014","SHTR",1
"8","E13-R10-36","E13","E13-R10","2014","VI",5
"9","E13-R10-36","E13","E13-R10","2014","PF",11
"10","E13-R10-36","E13","E13-R10","2014","AF",9
"11","E13-R10-36","E13","E13-R10","2014","GR",20
"12","E13-R10-36","E13","E13-R10","2014","LEG",0
"13","E13-R10-7","E13","E13-R10","2014","SHTR",5
"14","E13-R10-7","E13","E13-R10","2014","VI",1
"15","E13-R10-7","E13","E13-R10","2014","PF",18
"16","E13-R10-7","E13","E13-R10","2014","AF",19
"17","E13-R10-7","E13","E13-R10","2014","GR",15
"18","E13-R10-7","E13","E13-R10","2014","LEG",2
"19","E13-R10-8","E13","E13-R10","2014","SHTR",4
"20","E13-R10-8","E13","E13-R10","2014","VI",0
"21","E13-R10-8","E13","E13-R10","2014","PF",34
"22","E13-R10-8","E13","E13-R10","2014","AF",17
"23","E13-R10-8","E13","E13-R10","2014","GR",18
"24","E13-R10-8","E13","E13-R10","2014","LEG",3
"25","E13-R11-10","E13","E13-R11","2014","SHTR",3
"26","E13-R11-10","E13","E13-R11","2014","VI",12
"27","E13-R11-10","E13","E13-R11","2014","PF",29
"28","E13-R11-10","E13","E13-R11","2014","AF",14
"29","E13-R11-10","E13","E13-R11","2014","GR",17
"30","E13-R11-10","E13","E13-R11","2014","LEG",2
"31","E13-R11-33","E13","E13-R11","2014","SHTR",9
"32","E13-R11-33","E13","E13-R11","2014","VI",12
"33","E13-R11-33","E13","E13-R11","2014","PF",21
"34","E13-R11-33","E13","E13-R11","2014","AF",15
"35","E13-R11-33","E13","E13-R11","2014","GR",20
"36","E13-R11-33","E13","E13-R11","2014","LEG",4
"37","E13-R11-34","E13","E13-R11","2014","SHTR",6
"38","E13-R11-34","E13","E13-R11","2014","VI",10
"39","E13-R11-34","E13","E13-R11","2014","PF",27
"40","E13-R11-34","E13","E13-R11","2014","AF",16
"41","E13-R11-34","E13","E13-R11","2014","GR",25
"42","E13-R11-34","E13","E13-R11","2014","LEG",1
"43","E13-R11-9","E13","E13-R11","2014","SHTR",5
"44","E13-R11-9","E13","E13-R11","2014","VI",11
"45","E13-R11-9","E13","E13-R11","2014","PF",22
"46","E13-R11-9","E13","E13-R11","2014","AF",13
"47","E13-R11-9","E13","E13-R11","2014","GR",19
"48","E13-R11-9","E13","E13-R11","2014","LEG",1
"49","E13-R6-1","E13","E13-R6","2014","SHTR",9
"50","E13-R6-1","E13","E13-R6","2014","VI",14
"51","E13-R6-1","E13","E13-R6","2014","PF",41
"52","E13-R6-1","E13","E13-R6","2014","AF",5
"53","E13-R6-1","E13","E13-R6","2014","GR",18
"54","E13-R6-1","E13","E13-R6","2014","LEG",0
"55","E13-R6-2","E13","E13-R6","2014","SHTR",16
"56","E13-R6-2","E13","E13-R6","2014","VI",12
"57","E13-R6-2","E13","E13-R6","2014","PF",40
"58","E13-R6-2","E13","E13-R6","2014","AF",7
"59","E13-R6-2","E13","E13-R6","2014","GR",14
"60","E13-R6-2","E13","E13-R6","2014","LEG",10
"61","E13-R6-45","E13","E13-R6","2014","SHTR",15
"62","E13-R6-45","E13","E13-R6","2014","VI",6
"63","E13-R6-45","E13","E13-R6","2014","PF",31
"64","E13-R6-45","E13","E13-R6","2014","AF",7
"65","E13-R6-45","E13","E13-R6","2014","GR",12
"66","E13-R6-45","E13","E13-R6","2014","LEG",0
"67","E13-R6-46","E13","E13-R6","2014","SHTR",13
"68","E13-R6-46","E13","E13-R6","2014","VI",9
"69","E13-R6-46","E13","E13-R6","2014","PF",21
"70","E13-R6-46","E13","E13-R6","2014","AF",9
"71","E13-R6-46","E13","E13-R6","2014","GR",19
"72","E13-R6-46","E13","E13-R6","2014","LEG",1
"73","E13-R8-3","E13","E13-R9","2014","SHTR",15
"74","E13-R8-3","E13","E13-R9","2014","VI",8
"75","E13-R8-3","E13","E13-R9","2014","PF",33
"76","E13-R8-3","E13","E13-R9","2014","AF",18
"77","E13-R8-3","E13","E13-R9","2014","GR",27
"78","E13-R8-3","E13","E13-R9","2014","LEG",5
"79","E13-R8-31","E13","E13-R9","2014","SHTR",11
"80","E13-R8-31","E13","E13-R9","2014","VI",13
"81","E13-R8-31","E13","E13-R9","2014","PF",25
"82","E13-R8-31","E13","E13-R9","2014","AF",17
"83","E13-R8-31","E13","E13-R9","2014","GR",13
"84","E13-R8-31","E13","E13-R9","2014","LEG",7
"85","E13-R8-32","E13","E13-R9","2014","SHTR",9
"86","E13-R8-32","E13","E13-R9","2014","VI",8
"87","E13-R8-32","E13","E13-R9","2014","PF",30
"88","E13-R8-32","E13","E13-R9","2014","AF",12
"89","E13-R8-32","E13","E13-R9","2014","GR",17
"90","E13-R8-32","E13","E13-R9","2014","LEG",3
"91","E13-R8-4","E13","E13-R9","2014","SHTR",2
"92","E13-R8-4","E13","E13-R9","2014","VI",3
"93","E13-R8-4","E13","E13-R9","2014","PF",12
"94","E13-R8-4","E13","E13-R9","2014","AF",8
"95","E13-R8-4","E13","E13-R9","2014","GR",15
"96","E13-R8-4","E13","E13-R9","2014","LEG",1
"97","E13-R9-43","E13","E13-R8","2014","SHTR",10
"98","E13-R9-43","E13","E13-R8","2014","VI",8
"99","E13-R9-43","E13","E13-R8","2014","PF",31
"100","E13-R9-43","E13","E13-R8","2014","AF",14
"101","E13-R9-43","E13","E13-R8","2014","GR",12
"102","E13-R9-43","E13","E13-R8","2014","LEG",1
"103","E13-R9-44","E13","E13-R8","2014","SHTR",10
"104","E13-R9-44","E13","E13-R8","2014","VI",8
"105","E13-R9-44","E13","E13-R8","2014","PF",23
"106","E13-R9-44","E13","E13-R8","2014","AF",15
"107","E13-R9-44","E13","E13-R8","2014","GR",21
"108","E13-R9-44","E13","E13-R8","2014","LEG",0
"109","E13-R9-5","E13","E13-R8","2014","SHTR",9
"110","E13-R9-5","E13","E13-R8","2014","VI",7
"111","E13-R9-5","E13","E13-R8","2014","PF",32
"112","E13-R9-5","E13","E13-R8","2014","AF",12
"113","E13-R9-5","E13","E13-R8","2014","GR",12
"114","E13-R9-5","E13","E13-R8","2014","LEG",6
"115","E13-R9-6","E13","E13-R8","2014","SHTR",5
"116","E13-R9-6","E13","E13-R8","2014","VI",8
"117","E13-R9-6","E13","E13-R8","2014","PF",32
"118","E13-R9-6","E13","E13-R8","2014","AF",14
"119","E13-R9-6","E13","E13-R8","2014","GR",18
"120","E13-R9-6","E13","E13-R8","2014","LEG",0
"121","S08-1-21","S08","S08-1","2015","SHTR",8
"122","S08-1-21","S08","S08-1","2015","VI",14
"123","S08-1-21","S08","S08-1","2015","PF",15
"124","S08-1-21","S08","S08-1","2015","AF",1
"125","S08-1-21","S08","S08-1","2015","GR",9
"126","S08-1-21","S08","S08-1","2015","LEG",2
"127","S08-1-22","S08","S08-1","2015","SHTR",14
"128","S08-1-22","S08","S08-1","2015","VI",13
"129","S08-1-22","S08","S08-1","2015","PF",32
"130","S08-1-22","S08","S08-1","2015","AF",1
"131","S08-1-22","S08","S08-1","2015","GR",7
"132","S08-1-22","S08","S08-1","2015","LEG",7
"133","S08-1-57","S08","S08-1","2015","SHTR",7
"134","S08-1-57","S08","S08-1","2015","VI",9
"135","S08-1-57","S08","S08-1","2015","PF",16
"136","S08-1-57","S08","S08-1","2015","AF",4
"137","S08-1-57","S08","S08-1","2015","GR",20
"138","S08-1-57","S08","S08-1","2015","LEG",1
"139","S08-1-58","S08","S08-1","2015","SHTR",7
"140","S08-1-58","S08","S08-1","2015","VI",9
"141","S08-1-58","S08","S08-1","2015","PF",18
"142","S08-1-58","S08","S08-1","2015","AF",1
"143","S08-1-58","S08","S08-1","2015","GR",19
"144","S08-1-58","S08","S08-1","2015","LEG",2
"145","S08-17-25","S08","S08-17","2015","SHTR",15
"146","S08-17-25","S08","S08-17","2015","VI",10
"147","S08-17-25","S08","S08-17","2015","PF",3
"148","S08-17-25","S08","S08-17","2015","AF",2
"149","S08-17-25","S08","S08-17","2015","GR",10
"150","S08-17-25","S08","S08-17","2015","LEG",1
"151","S08-17-26","S08","S08-17","2015","SHTR",7
"152","S08-17-26","S08","S08-17","2015","VI",10
"153","S08-17-26","S08","S08-17","2015","PF",12
"154","S08-17-26","S08","S08-17","2015","AF",1
"155","S08-17-26","S08","S08-17","2015","GR",18
"156","S08-17-26","S08","S08-17","2015","LEG",7
"157","S08-17-59","S08","S08-17","2015","SHTR",4
"158","S08-17-59","S08","S08-17","2015","VI",2
"159","S08-17-59","S08","S08-17","2015","PF",16
"160","S08-17-59","S08","S08-17","2015","AF",0
"161","S08-17-59","S08","S08-17","2015","GR",21
"162","S08-17-59","S08","S08-17","2015","LEG",3
"163","S08-17-60","S08","S08-17","2015","SHTR",14
"164","S08-17-60","S08","S08-17","2015","VI",13
"165","S08-17-60","S08","S08-17","2015","PF",8
"166","S08-17-60","S08","S08-17","2015","AF",2
"167","S08-17-60","S08","S08-17","2015","GR",10
"168","S08-17-60","S08","S08-17","2015","LEG",0
"169","S08-3-23","S08","S08-3","2015","SHTR",11
"170","S08-3-23","S08","S08-3","2015","VI",18
"171","S08-3-23","S08","S08-3","2015","PF",6
"172","S08-3-23","S08","S08-3","2015","AF",3
"173","S08-3-23","S08","S08-3","2015","GR",16
"174","S08-3-23","S08","S08-3","2015","LEG",0
"175","S08-3-24","S08","S08-3","2015","SHTR",12
"176","S08-3-24","S08","S08-3","2015","VI",17
"177","S08-3-24","S08","S08-3","2015","PF",11
"178","S08-3-24","S08","S08-3","2015","AF",5
"179","S08-3-24","S08","S08-3","2015","GR",11
"180","S08-3-24","S08","S08-3","2015","LEG",0
"181","S08-3-53","S08","S08-3","2015","SHTR",9
"182","S08-3-53","S08","S08-3","2015","VI",12
"183","S08-3-53","S08","S08-3","2015","PF",9
"184","S08-3-53","S08","S08-3","2015","AF",1
"185","S08-3-53","S08","S08-3","2015","GR",20
"186","S08-3-53","S08","S08-3","2015","LEG",0
"187","S08-3-54","S08","S08-3","2015","SHTR",7
"188","S08-3-54","S08","S08-3","2015","VI",20
"189","S08-3-54","S08","S08-3","2015","PF",4
"190","S08-3-54","S08","S08-3","2015","AF",4
"191","S08-3-54","S08","S08-3","2015","GR",14
"192","S08-3-54","S08","S08-3","2015","LEG",0
"193","S08-32-61","S08","S08-32","2015","SHTR",15
"194","S08-32-61","S08","S08-32","2015","VI",20
"195","S08-32-61","S08","S08-32","2015","PF",15
"196","S08-32-61","S08","S08-32","2015","AF",0
"197","S08-32-61","S08","S08-32","2015","GR",16
"198","S08-32-61","S08","S08-32","2015","LEG",10
"199","S08-32-62","S08","S08-32","2015","SHTR",5
"200","S08-32-62","S08","S08-32","2015","VI",6
"201","S08-32-62","S08","S08-32","2015","PF",5
"202","S08-32-62","S08","S08-32","2015","AF",7
"203","S08-32-62","S08","S08-32","2015","GR",17
"204","S08-32-62","S08","S08-32","2015","LEG",1
"205","S08-32-63","S08","S08-32","2015","SHTR",1
"206","S08-32-63","S08","S08-32","2015","VI",8
"207","S08-32-63","S08","S08-32","2015","PF",13
"208","S08-32-63","S08","S08-32","2015","AF",4
"209","S08-32-63","S08","S08-32","2015","GR",12
"210","S08-32-63","S08","S08-32","2015","LEG",2
"211","S08-32-64","S08","S08-32","2015","SHTR",3
"212","S08-32-64","S08","S08-32","2015","VI",4
"213","S08-32-64","S08","S08-32","2015","PF",9
"214","S08-32-64","S08","S08-32","2015","AF",7
"215","S08-32-64","S08","S08-32","2015","GR",17
"216","S08-32-64","S08","S08-32","2015","LEG",0
"217","S08-36-25","S08","S08-361","2015","SHTR",10
"218","S08-36-25","S08","S08-361","2015","VI",16
"219","S08-36-25","S08","S08-361","2015","PF",10
"220","S08-36-25","S08","S08-361","2015","AF",1
"221","S08-36-25","S08","S08-361","2015","GR",16
"222","S08-36-25","S08","S08-361","2015","LEG",3
"223","S08-36-26","S08","S08-361","2015","SHTR",8
"224","S08-36-26","S08","S08-361","2015","VI",19
"225","S08-36-26","S08","S08-361","2015","PF",10
"226","S08-36-26","S08","S08-361","2015","AF",3
"227","S08-36-26","S08","S08-361","2015","GR",13
"228","S08-36-26","S08","S08-361","2015","LEG",1
"229","S08-36-59","S08","S08-361","2015","SHTR",3
"230","S08-36-59","S08","S08-361","2015","VI",13
"231","S08-36-59","S08","S08-361","2015","PF",13
"232","S08-36-59","S08","S08-361","2015","AF",2
"233","S08-36-59","S08","S08-361","2015","GR",21
"234","S08-36-59","S08","S08-361","2015","LEG",2
"235","S08-36-60","S08","S08-361","2015","SHTR",6
"236","S08-36-60","S08","S08-361","2015","VI",17
"237","S08-36-60","S08","S08-361","2015","PF",5
"238","S08-36-60","S08","S08-361","2015","AF",0
"239","S08-36-60","S08","S08-361","2015","GR",14
"240","S08-36-60","S08","S08-361","2015","LEG",0
"241","S13-17-17","S13","S13-17","2016","SHTR",7
"242","S13-17-17","S13","S13-17","2016","VI",1
"243","S13-17-17","S13","S13-17","2016","PF",43
"244","S13-17-17","S13","S13-17","2016","AF",10
"245","S13-17-17","S13","S13-17","2016","GR",37
"246","S13-17-17","S13","S13-17","2016","LEG",0
"247","S13-17-18","S13","S13-17","2016","SHTR",10
"248","S13-17-18","S13","S13-17","2016","VI",8
"249","S13-17-18","S13","S13-17","2016","PF",75
"250","S13-17-18","S13","S13-17","2016","AF",13
"251","S13-17-18","S13","S13-17","2016","GR",36
"252","S13-17-18","S13","S13-17","2016","LEG",10
"253","S13-17-49","S13","S13-17","2016","SHTR",10
"254","S13-17-49","S13","S13-17","2016","VI",14
"255","S13-17-49","S13","S13-17","2016","PF",35
"256","S13-17-49","S13","S13-17","2016","AF",16
"257","S13-17-49","S13","S13-17","2016","GR",30
"258","S13-17-49","S13","S13-17","2016","LEG",1
"259","S13-17-50","S13","S13-17","2016","SHTR",10
"260","S13-17-50","S13","S13-17","2016","VI",6
"261","S13-17-50","S13","S13-17","2016","PF",40
"262","S13-17-50","S13","S13-17","2016","AF",4
"263","S13-17-50","S13","S13-17","2016","GR",34
"264","S13-17-50","S13","S13-17","2016","LEG",8
"265","S13-2-65","S13","S13-2","2016","SHTR",8
"266","S13-2-65","S13","S13-2","2016","VI",6
"267","S13-2-65","S13","S13-2","2016","PF",45
"268","S13-2-65","S13","S13-2","2016","AF",13
"269","S13-2-65","S13","S13-2","2016","GR",32
"270","S13-2-65","S13","S13-2","2016","LEG",8
"271","S13-2-66","S13","S13-2","2016","SHTR",10
"272","S13-2-66","S13","S13-2","2016","VI",1
"273","S13-2-66","S13","S13-2","2016","PF",29
"274","S13-2-66","S13","S13-2","2016","AF",12
"275","S13-2-66","S13","S13-2","2016","GR",27
"276","S13-2-66","S13","S13-2","2016","LEG",6
"277","S13-2-67","S13","S13-2","2016","SHTR",6
"278","S13-2-67","S13","S13-2","2016","VI",4
"279","S13-2-67","S13","S13-2","2016","PF",43
"280","S13-2-67","S13","S13-2","2016","AF",12
"281","S13-2-67","S13","S13-2","2016","GR",35
"282","S13-2-67","S13","S13-2","2016","LEG",8
"283","S13-2-68","S13","S13-2","2016","SHTR",7
"284","S13-2-68","S13","S13-2","2016","VI",2
"285","S13-2-68","S13","S13-2","2016","PF",36
"286","S13-2-68","S13","S13-2","2016","AF",14
"287","S13-2-68","S13","S13-2","2016","GR",32
"288","S13-2-68","S13","S13-2","2016","LEG",6
"289","S13-26-19","S13","S13-26","2016","SHTR",3
"290","S13-26-19","S13","S13-26","2016","VI",0
"291","S13-26-19","S13","S13-26","2016","PF",30
"292","S13-26-19","S13","S13-26","2016","AF",6
"293","S13-26-19","S13","S13-26","2016","GR",29
"294","S13-26-19","S13","S13-26","2016","LEG",3
"295","S13-26-20","S13","S13-26","2016","SHTR",13
"296","S13-26-20","S13","S13-26","2016","VI",3
"297","S13-26-20","S13","S13-26","2016","PF",29
"298","S13-26-20","S13","S13-26","2016","AF",9
"299","S13-26-20","S13","S13-26","2016","GR",30
"300","S13-26-20","S13","S13-26","2016","LEG",10
"301","S13-26-37","S13","S13-26","2016","SHTR",3
"302","S13-26-37","S13","S13-26","2016","VI",1
"303","S13-26-37","S13","S13-26","2016","PF",18
"304","S13-26-37","S13","S13-26","2016","AF",10
"305","S13-26-37","S13","S13-26","2016","GR",32
"306","S13-26-37","S13","S13-26","2016","LEG",3
"307","S13-26-38","S13","S13-26","2016","SHTR",3
"308","S13-26-38","S13","S13-26","2016","VI",4
"309","S13-26-38","S13","S13-26","2016","PF",26
"310","S13-26-38","S13","S13-26","2016","AF",10
"311","S13-26-38","S13","S13-26","2016","GR",34
"312","S13-26-38","S13","S13-26","2016","LEG",3
"313","S13-6-11","S13","S13-6","2016","SHTR",19
"314","S13-6-11","S13","S13-6","2016","VI",11
"315","S13-6-11","S13","S13-6","2016","PF",28
"316","S13-6-11","S13","S13-6","2016","AF",4
"317","S13-6-11","S13","S13-6","2016","GR",18
"318","S13-6-11","S13","S13-6","2016","LEG",4
"319","S13-6-12","S13","S13-6","2016","SHTR",10
"320","S13-6-12","S13","S13-6","2016","VI",5
"321","S13-6-12","S13","S13-6","2016","PF",30
"322","S13-6-12","S13","S13-6","2016","AF",4
"323","S13-6-12","S13","S13-6","2016","GR",27
"324","S13-6-12","S13","S13-6","2016","LEG",6
"325","S13-6-41","S13","S13-6","2016","SHTR",8
"326","S13-6-41","S13","S13-6","2016","VI",4
"327","S13-6-41","S13","S13-6","2016","PF",17
"328","S13-6-41","S13","S13-6","2016","AF",7
"329","S13-6-41","S13","S13-6","2016","GR",36
"330","S13-6-41","S13","S13-6","2016","LEG",5
"331","S13-6-42","S13","S13-6","2016","SHTR",17
"332","S13-6-42","S13","S13-6","2016","VI",13
"333","S13-6-42","S13","S13-6","2016","PF",34
"334","S13-6-42","S13","S13-6","2016","AF",8
"335","S13-6-42","S13","S13-6","2016","GR",25
"336","S13-6-42","S13","S13-6","2016","LEG",9
"337","S13-9-13","S13","S13-9","2016","SHTR",5
"338","S13-9-13","S13","S13-9","2016","VI",4
"339","S13-9-13","S13","S13-9","2016","PF",35
"340","S13-9-13","S13","S13-9","2016","AF",4
"341","S13-9-13","S13","S13-9","2016","GR",22
"342","S13-9-13","S13","S13-9","2016","LEG",2
"343","S13-9-14","S13","S13-9","2016","SHTR",4
"344","S13-9-14","S13","S13-9","2016","VI",3
"345","S13-9-14","S13","S13-9","2016","PF",38
"346","S13-9-14","S13","S13-9","2016","AF",8
"347","S13-9-14","S13","S13-9","2016","GR",26
"348","S13-9-14","S13","S13-9","2016","LEG",8
"349","S13-9-39","S13","S13-9","2016","SHTR",6
"350","S13-9-39","S13","S13-9","2016","VI",3
"351","S13-9-39","S13","S13-9","2016","PF",21
"352","S13-9-39","S13","S13-9","2016","AF",4
"353","S13-9-39","S13","S13-9","2016","GR",26
"354","S13-9-39","S13","S13-9","2016","LEG",1
"355","S13-9-40","S13","S13-9","2016","SHTR",5
"356","S13-9-40","S13","S13-9","2016","VI",3
"357","S13-9-40","S13","S13-9","2016","PF",22
"358","S13-9-40","S13","S13-9","2016","AF",7
"359","S13-9-40","S13","S13-9","2016","GR",28
"360","S13-9-40","S13","S13-9","2016","LEG",3
"361","E13-R10-35","E13","E13-R10","2014","SHTR",1
"362","E13-R10-35","E13","E13-R10","2014","VI",4
"363","E13-R10-35","E13","E13-R10","2014","PF",25
"364","E13-R10-35","E13","E13-R10","2014","AF",0
"365","E13-R10-35","E13","E13-R10","2014","GR",24
"366","E13-R10-35","E13","E13-R10","2014","LEG",0
"367","E13-R10-36","E13","E13-R10","2014","SHTR",0
"368","E13-R10-36","E13","E13-R10","2014","VI",2
"369","E13-R10-36","E13","E13-R10","2014","PF",25
"370","E13-R10-36","E13","E13-R10","2014","AF",0
"371","E13-R10-36","E13","E13-R10","2014","GR",28
"372","E13-R10-36","E13","E13-R10","2014","LEG",0
"373","E13-R10-7","E13","E13-R10","2014","SHTR",2
"374","E13-R10-7","E13","E13-R10","2014","VI",1
"375","E13-R10-7","E13","E13-R10","2014","PF",23
"376","E13-R10-7","E13","E13-R10","2014","AF",2
"377","E13-R10-7","E13","E13-R10","2014","GR",21
"378","E13-R10-7","E13","E13-R10","2014","LEG",3
"379","E13-R10-8","E13","E13-R10","2014","SHTR",4
"380","E13-R10-8","E13","E13-R10","2014","VI",3
"381","E13-R10-8","E13","E13-R10","2014","PF",19
"382","E13-R10-8","E13","E13-R10","2014","AF",0
"383","E13-R10-8","E13","E13-R10","2014","GR",27
"384","E13-R10-8","E13","E13-R10","2014","LEG",1
"385","E13-R11-10","E13","E13-R11","2014","SHTR",13
"386","E13-R11-10","E13","E13-R11","2014","VI",6
"387","E13-R11-10","E13","E13-R11","2014","PF",27
"388","E13-R11-10","E13","E13-R11","2014","AF",15
"389","E13-R11-10","E13","E13-R11","2014","GR",24
"390","E13-R11-10","E13","E13-R11","2014","LEG",3
"391","E13-R11-33","E13","E13-R11","2014","SHTR",4
"392","E13-R11-33","E13","E13-R11","2014","VI",7
"393","E13-R11-33","E13","E13-R11","2014","PF",24
"394","E13-R11-33","E13","E13-R11","2014","AF",3
"395","E13-R11-33","E13","E13-R11","2014","GR",24
"396","E13-R11-33","E13","E13-R11","2014","LEG",2
"397","E13-R11-34","E13","E13-R11","2014","SHTR",12
"398","E13-R11-34","E13","E13-R11","2014","VI",3
"399","E13-R11-34","E13","E13-R11","2014","PF",26
"400","E13-R11-34","E13","E13-R11","2014","AF",6
"401","E13-R11-34","E13","E13-R11","2014","GR",26
"402","E13-R11-34","E13","E13-R11","2014","LEG",1
"403","E13-R11-9","E13","E13-R11","2014","SHTR",9
"404","E13-R11-9","E13","E13-R11","2014","VI",11
"405","E13-R11-9","E13","E13-R11","2014","PF",17
"406","E13-R11-9","E13","E13-R11","2014","AF",15
"407","E13-R11-9","E13","E13-R11","2014","GR",20
"408","E13-R11-9","E13","E13-R11","2014","LEG",1
"409","E13-R6-1","E13","E13-R6","2014","SHTR",17
"410","E13-R6-1","E13","E13-R6","2014","VI",14
"411","E13-R6-1","E13","E13-R6","2014","PF",30
"412","E13-R6-1","E13","E13-R6","2014","AF",2
"413","E13-R6-1","E13","E13-R6","2014","GR",11
"414","E13-R6-1","E13","E13-R6","2014","LEG",3
"415","E13-R6-2","E13","E13-R6","2014","SHTR",13
"416","E13-R6-2","E13","E13-R6","2014","VI",7
"417","E13-R6-2","E13","E13-R6","2014","PF",40
"418","E13-R6-2","E13","E13-R6","2014","AF",10
"419","E13-R6-2","E13","E13-R6","2014","GR",5
"420","E13-R6-2","E13","E13-R6","2014","LEG",3
"421","E13-R6-45","E13","E13-R6","2014","SHTR",10
"422","E13-R6-45","E13","E13-R6","2014","VI",7
"423","E13-R6-45","E13","E13-R6","2014","PF",25
"424","E13-R6-45","E13","E13-R6","2014","AF",2
"425","E13-R6-45","E13","E13-R6","2014","GR",14
"426","E13-R6-45","E13","E13-R6","2014","LEG",0
"427","E13-R6-46","E13","E13-R6","2014","SHTR",12
"428","E13-R6-46","E13","E13-R6","2014","VI",12
"429","E13-R6-46","E13","E13-R6","2014","PF",19
"430","E13-R6-46","E13","E13-R6","2014","AF",6
"431","E13-R6-46","E13","E13-R6","2014","GR",12
"432","E13-R6-46","E13","E13-R6","2014","LEG",2
"433","E13-R8-3","E13","E13-R9","2014","SHTR",14
"434","E13-R8-3","E13","E13-R9","2014","VI",5
"435","E13-R8-3","E13","E13-R9","2014","PF",26
"436","E13-R8-3","E13","E13-R9","2014","AF",1
"437","E13-R8-3","E13","E13-R9","2014","GR",32
"438","E13-R8-3","E13","E13-R9","2014","LEG",3
"439","E13-R8-31","E13","E13-R9","2014","SHTR",14
"440","E13-R8-31","E13","E13-R9","2014","VI",8
"441","E13-R8-31","E13","E13-R9","2014","PF",24
"442","E13-R8-31","E13","E13-R9","2014","AF",10
"443","E13-R8-31","E13","E13-R9","2014","GR",17
"444","E13-R8-31","E13","E13-R9","2014","LEG",3
"445","E13-R8-32","E13","E13-R9","2014","SHTR",6
"446","E13-R8-32","E13","E13-R9","2014","VI",8
"447","E13-R8-32","E13","E13-R9","2014","PF",15
"448","E13-R8-32","E13","E13-R9","2014","AF",9
"449","E13-R8-32","E13","E13-R9","2014","GR",18
"450","E13-R8-32","E13","E13-R9","2014","LEG",9
"451","E13-R8-4","E13","E13-R9","2014","SHTR",10
"452","E13-R8-4","E13","E13-R9","2014","VI",5
"453","E13-R8-4","E13","E13-R9","2014","PF",12
"454","E13-R8-4","E13","E13-R9","2014","AF",4
"455","E13-R8-4","E13","E13-R9","2014","GR",21
"456","E13-R8-4","E13","E13-R9","2014","LEG",5
"457","E13-R9-43","E13","E13-R8","2014","SHTR",20
"458","E13-R9-43","E13","E13-R8","2014","VI",6
"459","E13-R9-43","E13","E13-R8","2014","PF",16
"460","E13-R9-43","E13","E13-R8","2014","AF",9
"461","E13-R9-43","E13","E13-R8","2014","GR",23
"462","E13-R9-43","E13","E13-R8","2014","LEG",2
"463","E13-R9-44","E13","E13-R8","2014","SHTR",12
"464","E13-R9-44","E13","E13-R8","2014","VI",5
"465","E13-R9-44","E13","E13-R8","2014","PF",14
"466","E13-R9-44","E13","E13-R8","2014","AF",12
"467","E13-R9-44","E13","E13-R8","2014","GR",22
"468","E13-R9-44","E13","E13-R8","2014","LEG",2
"469","E13-R9-5","E13","E13-R8","2014","SHTR",10
"470","E13-R9-5","E13","E13-R8","2014","VI",8
"471","E13-R9-5","E13","E13-R8","2014","PF",15
"472","E13-R9-5","E13","E13-R8","2014","AF",5
"473","E13-R9-5","E13","E13-R8","2014","GR",24
"474","E13-R9-5","E13","E13-R8","2014","LEG",8
"475","E13-R9-6","E13","E13-R8","2014","SHTR",13
"476","E13-R9-6","E13","E13-R8","2014","VI",14
"477","E13-R9-6","E13","E13-R8","2014","PF",18
"478","E13-R9-6","E13","E13-R8","2014","AF",8
"479","E13-R9-6","E13","E13-R8","2014","GR",23
"480","E13-R9-6","E13","E13-R8","2014","LEG",1
"481","S08-1-21","S08","S08-1","2015","SHTR",12
"482","S08-1-21","S08","S08-1","2015","VI",12
"483","S08-1-21","S08","S08-1","2015","PF",14
"484","S08-1-21","S08","S08-1","2015","AF",0
"485","S08-1-21","S08","S08-1","2015","GR",10
"486","S08-1-21","S08","S08-1","2015","LEG",2
"487","S08-1-22","S08","S08-1","2015","SHTR",11
"488","S08-1-22","S08","S08-1","2015","VI",17
"489","S08-1-22","S08","S08-1","2015","PF",21
"490","S08-1-22","S08","S08-1","2015","AF",0
"491","S08-1-22","S08","S08-1","2015","GR",1
"492","S08-1-22","S08","S08-1","2015","LEG",3
"493","S08-1-57","S08","S08-1","2015","SHTR",10
"494","S08-1-57","S08","S08-1","2015","VI",14
"495","S08-1-57","S08","S08-1","2015","PF",20
"496","S08-1-57","S08","S08-1","2015","AF",1
"497","S08-1-57","S08","S08-1","2015","GR",18
"498","S08-1-57","S08","S08-1","2015","LEG",2
"499","S08-1-58","S08","S08-1","2015","SHTR",6
"500","S08-1-58","S08","S08-1","2015","VI",16
"501","S08-1-58","S08","S08-1","2015","PF",18
"502","S08-1-58","S08","S08-1","2015","AF",0
"503","S08-1-58","S08","S08-1","2015","GR",26
"504","S08-1-58","S08","S08-1","2015","LEG",0
"505","S08-17-25","S08","S08-17","2015","SHTR",14
"506","S08-17-25","S08","S08-17","2015","VI",3
"507","S08-17-25","S08","S08-17","2015","PF",5
"508","S08-17-25","S08","S08-17","2015","AF",1
"509","S08-17-25","S08","S08-17","2015","GR",9
"510","S08-17-25","S08","S08-17","2015","LEG",1
"511","S08-17-26","S08","S08-17","2015","SHTR",4
"512","S08-17-26","S08","S08-17","2015","VI",7
"513","S08-17-26","S08","S08-17","2015","PF",11
"514","S08-17-26","S08","S08-17","2015","AF",3
"515","S08-17-26","S08","S08-17","2015","GR",14
"516","S08-17-26","S08","S08-17","2015","LEG",4
"517","S08-17-59","S08","S08-17","2015","SHTR",7
"518","S08-17-59","S08","S08-17","2015","VI",6
"519","S08-17-59","S08","S08-17","2015","PF",11
"520","S08-17-59","S08","S08-17","2015","AF",8
"521","S08-17-59","S08","S08-17","2015","GR",16
"522","S08-17-59","S08","S08-17","2015","LEG",6
"523","S08-17-60","S08","S08-17","2015","SHTR",19
"524","S08-17-60","S08","S08-17","2015","VI",15
"525","S08-17-60","S08","S08-17","2015","PF",5
"526","S08-17-60","S08","S08-17","2015","AF",0
"527","S08-17-60","S08","S08-17","2015","GR",8
"528","S08-17-60","S08","S08-17","2015","LEG",0
"529","S08-3-23","S08","S08-3","2015","SHTR",2
"530","S08-3-23","S08","S08-3","2015","VI",4
"531","S08-3-23","S08","S08-3","2015","PF",4
"532","S08-3-23","S08","S08-3","2015","AF",4
"533","S08-3-23","S08","S08-3","2015","GR",19
"534","S08-3-23","S08","S08-3","2015","LEG",0
"535","S08-3-24","S08","S08-3","2015","SHTR",8
"536","S08-3-24","S08","S08-3","2015","VI",9
"537","S08-3-24","S08","S08-3","2015","PF",10
"538","S08-3-24","S08","S08-3","2015","AF",1
"539","S08-3-24","S08","S08-3","2015","GR",11
"540","S08-3-24","S08","S08-3","2015","LEG",0
"541","S08-3-53","S08","S08-3","2015","SHTR",6
"542","S08-3-53","S08","S08-3","2015","VI",8
"543","S08-3-53","S08","S08-3","2015","PF",5
"544","S08-3-53","S08","S08-3","2015","AF",2
"545","S08-3-53","S08","S08-3","2015","GR",14
"546","S08-3-53","S08","S08-3","2015","LEG",0
"547","S08-3-54","S08","S08-3","2015","SHTR",1
"548","S08-3-54","S08","S08-3","2015","VI",7
"549","S08-3-54","S08","S08-3","2015","PF",15
"550","S08-3-54","S08","S08-3","2015","AF",4
"551","S08-3-54","S08","S08-3","2015","GR",20
"552","S08-3-54","S08","S08-3","2015","LEG",0
"553","S08-32-61","S08","S08-32","2015","SHTR",6
"554","S08-32-61","S08","S08-32","2015","VI",8
"555","S08-32-61","S08","S08-32","2015","PF",14
"556","S08-32-61","S08","S08-32","2015","AF",7
"557","S08-32-61","S08","S08-32","2015","GR",20
"558","S08-32-61","S08","S08-32","2015","LEG",0
"559","S08-32-62","S08","S08-32","2015","SHTR",4
"560","S08-32-62","S08","S08-32","2015","VI",6
"561","S08-32-62","S08","S08-32","2015","PF",5
"562","S08-32-62","S08","S08-32","2015","AF",5
"563","S08-32-62","S08","S08-32","2015","GR",18
"564","S08-32-62","S08","S08-32","2015","LEG",0
"565","S08-32-63","S08","S08-32","2015","SHTR",0
"566","S08-32-63","S08","S08-32","2015","VI",7
"567","S08-32-63","S08","S08-32","2015","PF",6
"568","S08-32-63","S08","S08-32","2015","AF",2
"569","S08-32-63","S08","S08-32","2015","GR",21
"570","S08-32-63","S08","S08-32","2015","LEG",0
"571","S08-32-64","S08","S08-32","2015","SHTR",3
"572","S08-32-64","S08","S08-32","2015","VI",8
"573","S08-32-64","S08","S08-32","2015","PF",18
"574","S08-32-64","S08","S08-32","2015","AF",3
"575","S08-32-64","S08","S08-32","2015","GR",23
"576","S08-32-64","S08","S08-32","2015","LEG",0
"577","S08-36-25","S08","S08-361","2015","SHTR",14
"578","S08-36-25","S08","S08-361","2015","VI",18
"579","S08-36-25","S08","S08-361","2015","PF",5
"580","S08-36-25","S08","S08-361","2015","AF",0
"581","S08-36-25","S08","S08-361","2015","GR",9
"582","S08-36-25","S08","S08-361","2015","LEG",1
"583","S08-36-26","S08","S08-361","2015","SHTR",10
"584","S08-36-26","S08","S08-361","2015","VI",17
"585","S08-36-26","S08","S08-361","2015","PF",2
"586","S08-36-26","S08","S08-361","2015","AF",1
"587","S08-36-26","S08","S08-361","2015","GR",6
"588","S08-36-26","S08","S08-361","2015","LEG",0
"589","S08-36-59","S08","S08-361","2015","SHTR",13
"590","S08-36-59","S08","S08-361","2015","VI",15
"591","S08-36-59","S08","S08-361","2015","PF",9
"592","S08-36-59","S08","S08-361","2015","AF",5
"593","S08-36-59","S08","S08-361","2015","GR",13
"594","S08-36-59","S08","S08-361","2015","LEG",1
"595","S08-36-60","S08","S08-361","2015","SHTR",13
"596","S08-36-60","S08","S08-361","2015","VI",21
"597","S08-36-60","S08","S08-361","2015","PF",5
"598","S08-36-60","S08","S08-361","2015","AF",3
"599","S08-36-60","S08","S08-361","2015","GR",7
"600","S08-36-60","S08","S08-361","2015","LEG",1
"601","S13-17-17","S13","S13-17","2016","SHTR",4
"602","S13-17-17","S13","S13-17","2016","VI",1
"603","S13-17-17","S13","S13-17","2016","PF",34
"604","S13-17-17","S13","S13-17","2016","AF",9
"605","S13-17-17","S13","S13-17","2016","GR",35
"606","S13-17-17","S13","S13-17","2016","LEG",0
"607","S13-17-18","S13","S13-17","2016","SHTR",16
"608","S13-17-18","S13","S13-17","2016","VI",5
"609","S13-17-18","S13","S13-17","2016","PF",59
"610","S13-17-18","S13","S13-17","2016","AF",1
"611","S13-17-18","S13","S13-17","2016","GR",24
"612","S13-17-18","S13","S13-17","2016","LEG",7
"613","S13-17-49","S13","S13-17","2016","SHTR",6
"614","S13-17-49","S13","S13-17","2016","VI",13
"615","S13-17-49","S13","S13-17","2016","PF",41
"616","S13-17-49","S13","S13-17","2016","AF",4
"617","S13-17-49","S13","S13-17","2016","GR",19
"618","S13-17-49","S13","S13-17","2016","LEG",0
"619","S13-17-50","S13","S13-17","2016","SHTR",6
"620","S13-17-50","S13","S13-17","2016","VI",0
"621","S13-17-50","S13","S13-17","2016","PF",48
"622","S13-17-50","S13","S13-17","2016","AF",2
"623","S13-17-50","S13","S13-17","2016","GR",22
"624","S13-17-50","S13","S13-17","2016","LEG",0
"625","S13-2-65","S13","S13-2","2016","SHTR",6
"626","S13-2-65","S13","S13-2","2016","VI",2
"627","S13-2-65","S13","S13-2","2016","PF",32
"628","S13-2-65","S13","S13-2","2016","AF",7
"629","S13-2-65","S13","S13-2","2016","GR",33
"630","S13-2-65","S13","S13-2","2016","LEG",2
"631","S13-2-66","S13","S13-2","2016","SHTR",12
"632","S13-2-66","S13","S13-2","2016","VI",0
"633","S13-2-66","S13","S13-2","2016","PF",37
"634","S13-2-66","S13","S13-2","2016","AF",12
"635","S13-2-66","S13","S13-2","2016","GR",28
"636","S13-2-66","S13","S13-2","2016","LEG",2
"637","S13-2-67","S13","S13-2","2016","SHTR",10
"638","S13-2-67","S13","S13-2","2016","VI",0
"639","S13-2-67","S13","S13-2","2016","PF",43
"640","S13-2-67","S13","S13-2","2016","AF",3
"641","S13-2-67","S13","S13-2","2016","GR",33
"642","S13-2-67","S13","S13-2","2016","LEG",2
"643","S13-2-68","S13","S13-2","2016","SHTR",7
"644","S13-2-68","S13","S13-2","2016","VI",0
"645","S13-2-68","S13","S13-2","2016","PF",44
"646","S13-2-68","S13","S13-2","2016","AF",5
"647","S13-2-68","S13","S13-2","2016","GR",34
"648","S13-2-68","S13","S13-2","2016","LEG",3
"649","S13-26-19","S13","S13-26","2016","SHTR",1
"650","S13-26-19","S13","S13-26","2016","VI",1
"651","S13-26-19","S13","S13-26","2016","PF",26
"652","S13-26-19","S13","S13-26","2016","AF",3
"653","S13-26-19","S13","S13-26","2016","GR",38
"654","S13-26-19","S13","S13-26","2016","LEG",6
"655","S13-26-20","S13","S13-26","2016","SHTR",5
"656","S13-26-20","S13","S13-26","2016","VI",4
"657","S13-26-20","S13","S13-26","2016","PF",29
"658","S13-26-20","S13","S13-26","2016","AF",5
"659","S13-26-20","S13","S13-26","2016","GR",29
"660","S13-26-20","S13","S13-26","2016","LEG",5
"661","S13-26-37","S13","S13-26","2016","SHTR",3
"662","S13-26-37","S13","S13-26","2016","VI",1
"663","S13-26-37","S13","S13-26","2016","PF",22
"664","S13-26-37","S13","S13-26","2016","AF",6
"665","S13-26-37","S13","S13-26","2016","GR",31
"666","S13-26-37","S13","S13-26","2016","LEG",2
"667","S13-26-38","S13","S13-26","2016","SHTR",0
"668","S13-26-38","S13","S13-26","2016","VI",2
"669","S13-26-38","S13","S13-26","2016","PF",21
"670","S13-26-38","S13","S13-26","2016","AF",3
"671","S13-26-38","S13","S13-26","2016","GR",36
"672","S13-26-38","S13","S13-26","2016","LEG",0
"673","S13-6-11","S13","S13-6","2016","SHTR",10
"674","S13-6-11","S13","S13-6","2016","VI",12
"675","S13-6-11","S13","S13-6","2016","PF",20
"676","S13-6-11","S13","S13-6","2016","AF",5
"677","S13-6-11","S13","S13-6","2016","GR",26
"678","S13-6-11","S13","S13-6","2016","LEG",1
"679","S13-6-12","S13","S13-6","2016","SHTR",6
"680","S13-6-12","S13","S13-6","2016","VI",4
"681","S13-6-12","S13","S13-6","2016","PF",21
"682","S13-6-12","S13","S13-6","2016","AF",7
"683","S13-6-12","S13","S13-6","2016","GR",31
"684","S13-6-12","S13","S13-6","2016","LEG",0
"685","S13-6-41","S13","S13-6","2016","SHTR",1
"686","S13-6-41","S13","S13-6","2016","VI",4
"687","S13-6-41","S13","S13-6","2016","PF",14
"688","S13-6-41","S13","S13-6","2016","AF",0
"689","S13-6-41","S13","S13-6","2016","GR",29
"690","S13-6-41","S13","S13-6","2016","LEG",0
"691","S13-6-42","S13","S13-6","2016","SHTR",11
"692","S13-6-42","S13","S13-6","2016","VI",7
"693","S13-6-42","S13","S13-6","2016","PF",40
"694","S13-6-42","S13","S13-6","2016","AF",6
"695","S13-6-42","S13","S13-6","2016","GR",23
"696","S13-6-42","S13","S13-6","2016","LEG",3
"697","S13-9-13","S13","S13-9","2016","SHTR",5
"698","S13-9-13","S13","S13-9","2016","VI",3
"699","S13-9-13","S13","S13-9","2016","PF",36
"700","S13-9-13","S13","S13-9","2016","AF",1
"701","S13-9-13","S13","S13-9","2016","GR",16
"702","S13-9-13","S13","S13-9","2016","LEG",1
"703","S13-9-14","S13","S13-9","2016","SHTR",2
"704","S13-9-14","S13","S13-9","2016","VI",1
"705","S13-9-14","S13","S13-9","2016","PF",34
"706","S13-9-14","S13","S13-9","2016","AF",9
"707","S13-9-14","S13","S13-9","2016","GR",19
"708","S13-9-14","S13","S13-9","2016","LEG",5
"709","S13-9-39","S13","S13-9","2016","SHTR",8
"710","S13-9-39","S13","S13-9","2016","VI",0
"711","S13-9-39","S13","S13-9","2016","PF",29
"712","S13-9-39","S13","S13-9","2016","AF",5
"713","S13-9-39","S13","S13-9","2016","GR",28
"714","S13-9-39","S13","S13-9","2016","LEG",0
"715","S13-9-40","S13","S13-9","2016","SHTR",5
"716","S13-9-40","S13","S13-9","2016","VI",6
"717","S13-9-40","S13","S13-9","2016","PF",29
"718","S13-9-40","S13","S13-9","2016","AF",8
"719","S13-9-40","S13","S13-9","2016","GR",19
"720","S13-9-40","S13","S13-9","2016","LEG",3
"721","E13-R10-35","E13","E13-R10","2014","SHTR",5
"722","E13-R10-35","E13","E13-R10","2014","VI",5
"723","E13-R10-35","E13","E13-R10","2014","PF",10
"724","E13-R10-35","E13","E13-R10","2014","AF",2
"725","E13-R10-35","E13","E13-R10","2014","GR",17
"726","E13-R10-35","E13","E13-R10","2014","LEG",0
"727","E13-R10-36","E13","E13-R10","2014","SHTR",0
"728","E13-R10-36","E13","E13-R10","2014","VI",2
"729","E13-R10-36","E13","E13-R10","2014","PF",8
"730","E13-R10-36","E13","E13-R10","2014","AF",2
"731","E13-R10-36","E13","E13-R10","2014","GR",20
"732","E13-R10-36","E13","E13-R10","2014","LEG",0
"733","E13-R10-7","E13","E13-R10","2014","SHTR",1
"734","E13-R10-7","E13","E13-R10","2014","VI",1
"735","E13-R10-7","E13","E13-R10","2014","PF",12
"736","E13-R10-7","E13","E13-R10","2014","AF",5
"737","E13-R10-7","E13","E13-R10","2014","GR",17
"738","E13-R10-7","E13","E13-R10","2014","LEG",0
"739","E13-R10-8","E13","E13-R10","2014","SHTR",6
"740","E13-R10-8","E13","E13-R10","2014","VI",0
"741","E13-R10-8","E13","E13-R10","2014","PF",12
"742","E13-R10-8","E13","E13-R10","2014","AF",7
"743","E13-R10-8","E13","E13-R10","2014","GR",19
"744","E13-R10-8","E13","E13-R10","2014","LEG",0
"745","E13-R11-10","E13","E13-R11","2014","SHTR",10
"746","E13-R11-10","E13","E13-R11","2014","VI",1
"747","E13-R11-10","E13","E13-R11","2014","PF",9
"748","E13-R11-10","E13","E13-R11","2014","AF",6
"749","E13-R11-10","E13","E13-R11","2014","GR",16
"750","E13-R11-10","E13","E13-R11","2014","LEG",0
"751","E13-R11-33","E13","E13-R11","2014","SHTR",11
"752","E13-R11-33","E13","E13-R11","2014","VI",4
"753","E13-R11-33","E13","E13-R11","2014","PF",9
"754","E13-R11-33","E13","E13-R11","2014","AF",6
"755","E13-R11-33","E13","E13-R11","2014","GR",15
"756","E13-R11-33","E13","E13-R11","2014","LEG",0
"757","E13-R11-34","E13","E13-R11","2014","SHTR",10
"758","E13-R11-34","E13","E13-R11","2014","VI",7
"759","E13-R11-34","E13","E13-R11","2014","PF",18
"760","E13-R11-34","E13","E13-R11","2014","AF",14
"761","E13-R11-34","E13","E13-R11","2014","GR",16
"762","E13-R11-34","E13","E13-R11","2014","LEG",2
"763","E13-R11-9","E13","E13-R11","2014","SHTR",10
"764","E13-R11-9","E13","E13-R11","2014","VI",7
"765","E13-R11-9","E13","E13-R11","2014","PF",12
"766","E13-R11-9","E13","E13-R11","2014","AF",7
"767","E13-R11-9","E13","E13-R11","2014","GR",18
"768","E13-R11-9","E13","E13-R11","2014","LEG",0
"769","E13-R6-1","E13","E13-R6","2014","SHTR",11
"770","E13-R6-1","E13","E13-R6","2014","VI",6
"771","E13-R6-1","E13","E13-R6","2014","PF",23
"772","E13-R6-1","E13","E13-R6","2014","AF",5
"773","E13-R6-1","E13","E13-R6","2014","GR",10
"774","E13-R6-1","E13","E13-R6","2014","LEG",0
"775","E13-R6-2","E13","E13-R6","2014","SHTR",13
"776","E13-R6-2","E13","E13-R6","2014","VI",5
"777","E13-R6-2","E13","E13-R6","2014","PF",13
"778","E13-R6-2","E13","E13-R6","2014","AF",4
"779","E13-R6-2","E13","E13-R6","2014","GR",3
"780","E13-R6-2","E13","E13-R6","2014","LEG",0
"781","E13-R6-45","E13","E13-R6","2014","SHTR",10
"782","E13-R6-45","E13","E13-R6","2014","VI",3
"783","E13-R6-45","E13","E13-R6","2014","PF",5
"784","E13-R6-45","E13","E13-R6","2014","AF",2
"785","E13-R6-45","E13","E13-R6","2014","GR",11
"786","E13-R6-45","E13","E13-R6","2014","LEG",0
"787","E13-R6-46","E13","E13-R6","2014","SHTR",9
"788","E13-R6-46","E13","E13-R6","2014","VI",8
"789","E13-R6-46","E13","E13-R6","2014","PF",18
"790","E13-R6-46","E13","E13-R6","2014","AF",7
"791","E13-R6-46","E13","E13-R6","2014","GR",11
"792","E13-R6-46","E13","E13-R6","2014","LEG",0
"793","E13-R8-3","E13","E13-R9","2014","SHTR",13
"794","E13-R8-3","E13","E13-R9","2014","VI",4
"795","E13-R8-3","E13","E13-R9","2014","PF",10
"796","E13-R8-3","E13","E13-R9","2014","AF",1
"797","E13-R8-3","E13","E13-R9","2014","GR",15
"798","E13-R8-3","E13","E13-R9","2014","LEG",0
"799","E13-R8-31","E13","E13-R9","2014","SHTR",10
"800","E13-R8-31","E13","E13-R9","2014","VI",3
"801","E13-R8-31","E13","E13-R9","2014","PF",13
"802","E13-R8-31","E13","E13-R9","2014","AF",11
"803","E13-R8-31","E13","E13-R9","2014","GR",8
"804","E13-R8-31","E13","E13-R9","2014","LEG",0
"805","E13-R8-32","E13","E13-R9","2014","SHTR",7
"806","E13-R8-32","E13","E13-R9","2014","VI",2
"807","E13-R8-32","E13","E13-R9","2014","PF",13
"808","E13-R8-32","E13","E13-R9","2014","AF",9
"809","E13-R8-32","E13","E13-R9","2014","GR",15
"810","E13-R8-32","E13","E13-R9","2014","LEG",0
"811","E13-R8-4","E13","E13-R9","2014","SHTR",9
"812","E13-R8-4","E13","E13-R9","2014","VI",1
"813","E13-R8-4","E13","E13-R9","2014","PF",3
"814","E13-R8-4","E13","E13-R9","2014","AF",8
"815","E13-R8-4","E13","E13-R9","2014","GR",18
"816","E13-R8-4","E13","E13-R9","2014","LEG",0
"817","E13-R9-43","E13","E13-R8","2014","SHTR",13
"818","E13-R9-43","E13","E13-R8","2014","VI",6
"819","E13-R9-43","E13","E13-R8","2014","PF",13
"820","E13-R9-43","E13","E13-R8","2014","AF",6
"821","E13-R9-43","E13","E13-R8","2014","GR",14
"822","E13-R9-43","E13","E13-R8","2014","LEG",0
"823","E13-R9-44","E13","E13-R8","2014","SHTR",11
"824","E13-R9-44","E13","E13-R8","2014","VI",4
"825","E13-R9-44","E13","E13-R8","2014","PF",6
"826","E13-R9-44","E13","E13-R8","2014","AF",9
"827","E13-R9-44","E13","E13-R8","2014","GR",13
"828","E13-R9-44","E13","E13-R8","2014","LEG",0
"829","E13-R9-5","E13","E13-R8","2014","SHTR",10
"830","E13-R9-5","E13","E13-R8","2014","VI",3
"831","E13-R9-5","E13","E13-R8","2014","PF",11
"832","E13-R9-5","E13","E13-R8","2014","AF",9
"833","E13-R9-5","E13","E13-R8","2014","GR",16
"834","E13-R9-5","E13","E13-R8","2014","LEG",0
"835","E13-R9-6","E13","E13-R8","2014","SHTR",10
"836","E13-R9-6","E13","E13-R8","2014","VI",11
"837","E13-R9-6","E13","E13-R8","2014","PF",14
"838","E13-R9-6","E13","E13-R8","2014","AF",9
"839","E13-R9-6","E13","E13-R8","2014","GR",16
"840","E13-R9-6","E13","E13-R8","2014","LEG",0
"841","S08-1-21","S08","S08-1","2015","SHTR",9
"842","S08-1-21","S08","S08-1","2015","VI",13
"843","S08-1-21","S08","S08-1","2015","PF",5
"844","S08-1-21","S08","S08-1","2015","AF",0
"845","S08-1-21","S08","S08-1","2015","GR",3
"846","S08-1-21","S08","S08-1","2015","LEG",0
"847","S08-1-22","S08","S08-1","2015","SHTR",10
"848","S08-1-22","S08","S08-1","2015","VI",11
"849","S08-1-22","S08","S08-1","2015","PF",4
"850","S08-1-22","S08","S08-1","2015","AF",0
"851","S08-1-22","S08","S08-1","2015","GR",4
"852","S08-1-22","S08","S08-1","2015","LEG",1
"853","S08-1-57","S08","S08-1","2015","SHTR",8
"854","S08-1-57","S08","S08-1","2015","VI",10
"855","S08-1-57","S08","S08-1","2015","PF",2
"856","S08-1-57","S08","S08-1","2015","AF",0
"857","S08-1-57","S08","S08-1","2015","GR",14
"858","S08-1-57","S08","S08-1","2015","LEG",0
"859","S08-1-58","S08","S08-1","2015","SHTR",4
"860","S08-1-58","S08","S08-1","2015","VI",13
"861","S08-1-58","S08","S08-1","2015","PF",1
"862","S08-1-58","S08","S08-1","2015","AF",3
"863","S08-1-58","S08","S08-1","2015","GR",14
"864","S08-1-58","S08","S08-1","2015","LEG",0
"865","S08-17-25","S08","S08-17","2015","SHTR",13
"866","S08-17-25","S08","S08-17","2015","VI",4
"867","S08-17-25","S08","S08-17","2015","PF",3
"868","S08-17-25","S08","S08-17","2015","AF",0
"869","S08-17-25","S08","S08-17","2015","GR",12
"870","S08-17-25","S08","S08-17","2015","LEG",0
"871","S08-17-26","S08","S08-17","2015","SHTR",3
"872","S08-17-26","S08","S08-17","2015","VI",9
"873","S08-17-26","S08","S08-17","2015","PF",2
"874","S08-17-26","S08","S08-17","2015","AF",2
"875","S08-17-26","S08","S08-17","2015","GR",18
"876","S08-17-26","S08","S08-17","2015","LEG",0
"877","S08-17-59","S08","S08-17","2015","SHTR",7
"878","S08-17-59","S08","S08-17","2015","VI",4
"879","S08-17-59","S08","S08-17","2015","PF",1
"880","S08-17-59","S08","S08-17","2015","AF",6
"881","S08-17-59","S08","S08-17","2015","GR",17
"882","S08-17-59","S08","S08-17","2015","LEG",0
"883","S08-17-60","S08","S08-17","2015","SHTR",15
"884","S08-17-60","S08","S08-17","2015","VI",11
"885","S08-17-60","S08","S08-17","2015","PF",1
"886","S08-17-60","S08","S08-17","2015","AF",1
"887","S08-17-60","S08","S08-17","2015","GR",12
"888","S08-17-60","S08","S08-17","2015","LEG",0
"889","S08-3-23","S08","S08-3","2015","SHTR",0
"890","S08-3-23","S08","S08-3","2015","VI",3
"891","S08-3-23","S08","S08-3","2015","PF",7
"892","S08-3-23","S08","S08-3","2015","AF",0
"893","S08-3-23","S08","S08-3","2015","GR",15
"894","S08-3-23","S08","S08-3","2015","LEG",0
"895","S08-3-24","S08","S08-3","2015","SHTR",6
"896","S08-3-24","S08","S08-3","2015","VI",7
"897","S08-3-24","S08","S08-3","2015","PF",0
"898","S08-3-24","S08","S08-3","2015","AF",0
"899","S08-3-24","S08","S08-3","2015","GR",10
"900","S08-3-24","S08","S08-3","2015","LEG",0
"901","S08-3-53","S08","S08-3","2015","SHTR",3
"902","S08-3-53","S08","S08-3","2015","VI",8
"903","S08-3-53","S08","S08-3","2015","PF",0
"904","S08-3-53","S08","S08-3","2015","AF",0
"905","S08-3-53","S08","S08-3","2015","GR",9
"906","S08-3-53","S08","S08-3","2015","LEG",0
"907","S08-3-54","S08","S08-3","2015","SHTR",1
"908","S08-3-54","S08","S08-3","2015","VI",4
"909","S08-3-54","S08","S08-3","2015","PF",1
"910","S08-3-54","S08","S08-3","2015","AF",0
"911","S08-3-54","S08","S08-3","2015","GR",12
"912","S08-3-54","S08","S08-3","2015","LEG",0
"913","S08-32-61","S08","S08-32","2015","SHTR",5
"914","S08-32-61","S08","S08-32","2015","VI",9
"915","S08-32-61","S08","S08-32","2015","PF",5
"916","S08-32-61","S08","S08-32","2015","AF",0
"917","S08-32-61","S08","S08-32","2015","GR",6
"918","S08-32-61","S08","S08-32","2015","LEG",0
"919","S08-32-62","S08","S08-32","2015","SHTR",2
"920","S08-32-62","S08","S08-32","2015","VI",12
"921","S08-32-62","S08","S08-32","2015","PF",0
"922","S08-32-62","S08","S08-32","2015","AF",5
"923","S08-32-62","S08","S08-32","2015","GR",14
"924","S08-32-62","S08","S08-32","2015","LEG",0
"925","S08-32-63","S08","S08-32","2015","SHTR",1
"926","S08-32-63","S08","S08-32","2015","VI",9
"927","S08-32-63","S08","S08-32","2015","PF",3
"928","S08-32-63","S08","S08-32","2015","AF",0
"929","S08-32-63","S08","S08-32","2015","GR",9
"930","S08-32-63","S08","S08-32","2015","LEG",0
"931","S08-32-64","S08","S08-32","2015","SHTR",2
"932","S08-32-64","S08","S08-32","2015","VI",6
"933","S08-32-64","S08","S08-32","2015","PF",11
"934","S08-32-64","S08","S08-32","2015","AF",0
"935","S08-32-64","S08","S08-32","2015","GR",16
"936","S08-32-64","S08","S08-32","2015","LEG",0
"937","S08-36-25","S08","S08-361","2015","SHTR",10
"938","S08-36-25","S08","S08-361","2015","VI",15
"939","S08-36-25","S08","S08-361","2015","PF",2
"940","S08-36-25","S08","S08-361","2015","AF",0
"941","S08-36-25","S08","S08-361","2015","GR",5
"942","S08-36-25","S08","S08-361","2015","LEG",0
"943","S08-36-26","S08","S08-361","2015","SHTR",11
"944","S08-36-26","S08","S08-361","2015","VI",15
"945","S08-36-26","S08","S08-361","2015","PF",2
"946","S08-36-26","S08","S08-361","2015","AF",1
"947","S08-36-26","S08","S08-361","2015","GR",10
"948","S08-36-26","S08","S08-361","2015","LEG",0
"949","S08-36-59","S08","S08-361","2015","SHTR",8
"950","S08-36-59","S08","S08-361","2015","VI",11
"951","S08-36-59","S08","S08-361","2015","PF",3
"952","S08-36-59","S08","S08-361","2015","AF",0
"953","S08-36-59","S08","S08-361","2015","GR",17
"954","S08-36-59","S08","S08-361","2015","LEG",0
"955","S08-36-60","S08","S08-361","2015","SHTR",8
"956","S08-36-60","S08","S08-361","2015","VI",16
"957","S08-36-60","S08","S08-361","2015","PF",1
"958","S08-36-60","S08","S08-361","2015","AF",0
"959","S08-36-60","S08","S08-361","2015","GR",5
"960","S08-36-60","S08","S08-361","2015","LEG",0
"961","S13-17-17","S13","S13-17","2016","SHTR",1
"962","S13-17-17","S13","S13-17","2016","VI",0
"963","S13-17-17","S13","S13-17","2016","PF",16
"964","S13-17-17","S13","S13-17","2016","AF",0
"965","S13-17-17","S13","S13-17","2016","GR",22
"966","S13-17-17","S13","S13-17","2016","LEG",0
"967","S13-17-18","S13","S13-17","2016","SHTR",9
"968","S13-17-18","S13","S13-17","2016","VI",1
"969","S13-17-18","S13","S13-17","2016","PF",34
"970","S13-17-18","S13","S13-17","2016","AF",4
"971","S13-17-18","S13","S13-17","2016","GR",9
"972","S13-17-18","S13","S13-17","2016","LEG",1
"973","S13-17-49","S13","S13-17","2016","SHTR",8
"974","S13-17-49","S13","S13-17","2016","VI",9
"975","S13-17-49","S13","S13-17","2016","PF",36
"976","S13-17-49","S13","S13-17","2016","AF",0
"977","S13-17-49","S13","S13-17","2016","GR",10
"978","S13-17-49","S13","S13-17","2016","LEG",0
"979","S13-17-50","S13","S13-17","2016","SHTR",3
"980","S13-17-50","S13","S13-17","2016","VI",0
"981","S13-17-50","S13","S13-17","2016","PF",38
"982","S13-17-50","S13","S13-17","2016","AF",0
"983","S13-17-50","S13","S13-17","2016","GR",13
"984","S13-17-50","S13","S13-17","2016","LEG",0
"985","S13-2-65","S13","S13-2","2016","SHTR",6
"986","S13-2-65","S13","S13-2","2016","VI",0
"987","S13-2-65","S13","S13-2","2016","PF",39
"988","S13-2-65","S13","S13-2","2016","AF",2
"989","S13-2-65","S13","S13-2","2016","GR",17
"990","S13-2-65","S13","S13-2","2016","LEG",1
"991","S13-2-66","S13","S13-2","2016","SHTR",15
"992","S13-2-66","S13","S13-2","2016","VI",0
"993","S13-2-66","S13","S13-2","2016","PF",28
"994","S13-2-66","S13","S13-2","2016","AF",0
"995","S13-2-66","S13","S13-2","2016","GR",13
"996","S13-2-66","S13","S13-2","2016","LEG",0
"997","S13-2-67","S13","S13-2","2016","SHTR",7
"998","S13-2-67","S13","S13-2","2016","VI",0
"999","S13-2-67","S13","S13-2","2016","PF",22
"1000","S13-2-67","S13","S13-2","2016","AF",1
"1001","S13-2-67","S13","S13-2","2016","GR",12
"1002","S13-2-67","S13","S13-2","2016","LEG",0
"1003","S13-2-68","S13","S13-2","2016","SHTR",7
"1004","S13-2-68","S13","S13-2","2016","VI",0
"1005","S13-2-68","S13","S13-2","2016","PF",29
"1006","S13-2-68","S13","S13-2","2016","AF",1
"1007","S13-2-68","S13","S13-2","2016","GR",20
"1008","S13-2-68","S13","S13-2","2016","LEG",1
"1009","S13-26-19","S13","S13-26","2016","SHTR",3
"1010","S13-26-19","S13","S13-26","2016","VI",0
"1011","S13-26-19","S13","S13-26","2016","PF",21
"1012","S13-26-19","S13","S13-26","2016","AF",3
"1013","S13-26-19","S13","S13-26","2016","GR",15
"1014","S13-26-19","S13","S13-26","2016","LEG",2
"1015","S13-26-20","S13","S13-26","2016","SHTR",3
"1016","S13-26-20","S13","S13-26","2016","VI",0
"1017","S13-26-20","S13","S13-26","2016","PF",40
"1018","S13-26-20","S13","S13-26","2016","AF",2
"1019","S13-26-20","S13","S13-26","2016","GR",9
"1020","S13-26-20","S13","S13-26","2016","LEG",3
"1021","S13-26-37","S13","S13-26","2016","SHTR",1
"1022","S13-26-37","S13","S13-26","2016","VI",0
"1023","S13-26-37","S13","S13-26","2016","PF",24
"1024","S13-26-37","S13","S13-26","2016","AF",2
"1025","S13-26-37","S13","S13-26","2016","GR",19
"1026","S13-26-37","S13","S13-26","2016","LEG",2
"1027","S13-26-38","S13","S13-26","2016","SHTR",2
"1028","S13-26-38","S13","S13-26","2016","VI",0
"1029","S13-26-38","S13","S13-26","2016","PF",23
"1030","S13-26-38","S13","S13-26","2016","AF",0
"1031","S13-26-38","S13","S13-26","2016","GR",31
"1032","S13-26-38","S13","S13-26","2016","LEG",0
"1033","S13-6-11","S13","S13-6","2016","SHTR",12
"1034","S13-6-11","S13","S13-6","2016","VI",0
"1035","S13-6-11","S13","S13-6","2016","PF",36
"1036","S13-6-11","S13","S13-6","2016","AF",1
"1037","S13-6-11","S13","S13-6","2016","GR",13
"1038","S13-6-11","S13","S13-6","2016","LEG",5
"1039","S13-6-12","S13","S13-6","2016","SHTR",6
"1040","S13-6-12","S13","S13-6","2016","VI",0
"1041","S13-6-12","S13","S13-6","2016","PF",18
"1042","S13-6-12","S13","S13-6","2016","AF",0
"1043","S13-6-12","S13","S13-6","2016","GR",16
"1044","S13-6-12","S13","S13-6","2016","LEG",0
"1045","S13-6-41","S13","S13-6","2016","SHTR",7
"1046","S13-6-41","S13","S13-6","2016","VI",0
"1047","S13-6-41","S13","S13-6","2016","PF",22
"1048","S13-6-41","S13","S13-6","2016","AF",1
"1049","S13-6-41","S13","S13-6","2016","GR",14
"1050","S13-6-41","S13","S13-6","2016","LEG",0
"1051","S13-6-42","S13","S13-6","2016","SHTR",10
"1052","S13-6-42","S13","S13-6","2016","VI",2
"1053","S13-6-42","S13","S13-6","2016","PF",34
"1054","S13-6-42","S13","S13-6","2016","AF",2
"1055","S13-6-42","S13","S13-6","2016","GR",13
"1056","S13-6-42","S13","S13-6","2016","LEG",0
"1057","S13-9-13","S13","S13-9","2016","SHTR",4
"1058","S13-9-13","S13","S13-9","2016","VI",0
"1059","S13-9-13","S13","S13-9","2016","PF",26
"1060","S13-9-13","S13","S13-9","2016","AF",5
"1061","S13-9-13","S13","S13-9","2016","GR",16
"1062","S13-9-13","S13","S13-9","2016","LEG",0
"1063","S13-9-14","S13","S13-9","2016","SHTR",2
"1064","S13-9-14","S13","S13-9","2016","VI",1
"1065","S13-9-14","S13","S13-9","2016","PF",37
"1066","S13-9-14","S13","S13-9","2016","AF",4
"1067","S13-9-14","S13","S13-9","2016","GR",16
"1068","S13-9-14","S13","S13-9","2016","LEG",6
"1069","S13-9-39","S13","S13-9","2016","SHTR",12
"1070","S13-9-39","S13","S13-9","2016","VI",0
"1071","S13-9-39","S13","S13-9","2016","PF",27
"1072","S13-9-39","S13","S13-9","2016","AF",0
"1073","S13-9-39","S13","S13-9","2016","GR",19
"1074","S13-9-39","S13","S13-9","2016","LEG",0
"1075","S13-9-40","S13","S13-9","2016","SHTR",4
"1076","S13-9-40","S13","S13-9","2016","VI",4
"1077","S13-9-40","S13","S13-9","2016","PF",20
"1078","S13-9-40","S13","S13-9","2016","AF",5
"1079","S13-9-40","S13","S13-9","2016","GR",18
"1080","S13-9-40","S13","S13-9","2016","LEG",1
